Rotulo,Direccion,CodPostal,CCAA,Provincia,Municipio,Localidad,Longitud,Latitud,FechaPvp,HoraPvp,Horario
MERKAOIL,IPINTZA KALEA 47,20100,Pa#s Vasco,GIPUZKOA,Lezo,LEZO,-1.879944,43.323611,15/09/2025,09:08,L-D: 24H
ONAINDIA LOWCOST,CALLE PORTAL DE GAMARRA 7,1013,Pa#s Vasco,ARABA/#LAVA,Vitoria-Gasteiz,VITORIA-GASTEIZ,-2.661139,42.865278,16/09/2025,11:16,L-D: 24H
E.S.EL CAMPILLO,POL.IND. EL CAMPILLO PARC. 1-2 FASE II,48500,Pa#s Vasco,BIZKAIA,Abanto y Ci#rvana-Abanto Zierbena,ABANTO,-3.078528,43.307222,19/09/2025,13:21,L-V: 06:00-22:00  S: 08:00-15:00
EUSKOIL-STAR PETROLEUM,CTRA.FORAL BI-633 km 323,48220,Pa#s Vasco,BIZKAIA,Abadi#o,ABADI#O-ZELAIETA,-2.597556,43.170556,19/09/2025,15:00,L: 07:00-22:00
ONROAD 24,CARRETERA GI-2132 ASTIGARRAGA-OIARTZUN KM. 10,20115,Pa#s Vasco,GIPUZKOA,Astigarraga,ASTIGARRAGA,-1.916778,43.281972,15/09/2025,08:59,L-V: 06:00-22:00  S: 07:00-22:00  D: 08:00-22:00
REPSOL,AUTOVIA VITORIA-ATUBE KM. 6,1196,Pa#s Vasco,ARABA/#LAVA,Vitoria-Gasteiz,ARANGUIZ,-2.702278,42.895667,19/09/2025,18:00,L-D: 06:00-22:00
SHELL,CARRETERA N-634 KM. 84,48215,Pa#s Vasco,BIZKAIA,Iurreta,IURRETA,-2.671556,43.185778,19/09/2025,14:00,L-V: 07:00-15:00
AVIA ,AVENIDA GARAY 23,1474,Pa#s Vasco,ARABA/#LAVA,Artziniega,ARTZINIEGA,-3.122528,43.123361,17/09/2025,19:08,L-D: 06:00-22:00
CEPSA,PASEO DR. BEGIRISTAIN 75,20014,Pa#s Vasco,GIPUZKOA,Donostia-San Sebasti#n,DONOSTIA-SAN SEBASTIAN,-1.96625,43.297083,19/09/2025,20:00,L-D: 24H
AVIA,POLIGONO ZUBIKOETA 1,20211,Pa#s Vasco,GIPUZKOA,Ataun,SAN MARTIN,-2.1765,43.015361,15/09/2025,14:23,L-D: 06:30-22:00
AVIA,CR GI-631  P.K. 1220 D,20730,Pa#s Vasco,GIPUZKOA,Azpeitia,AZPEITIA,-2.258778,43.189667,15/09/2025,09:30,L-S: 06:00-22:00  D: 09:00-22:00
BQ ENERGIES,CALLE TORREKUA 02,20600,Pa#s Vasco,GIPUZKOA,Eibar,EIBAR,-2.487861,43.180389,12/09/2025,11:20,L-D: 24H
E.S. ZESTOA-AVIA,CARRETERA GI-631 KM. 500,20740,Pa#s Vasco,GIPUZKOA,Zestoa,ZESTOA,-2.259444,43.241444,16/09/2025,09:17,L-S: 07:00-21:00  D: 07:00-14:00
"ANDAMUR ""SAN ROMAN""",POLIGONO OKITURRI S/N,1207,Pa#s Vasco,ARABA/#LAVA,San Mill#n/Donemiliaga,DURRUMA/SAN ROMAN DE SAN,-2.320361,42.8635,19/09/2025,00:00,L-D: 24H
SHELL,CARRETERA N-634 KM. 84,48215,Pa#s Vasco,BIZKAIA,Iurreta,IURRETA,-2.671,43.186278,19/09/2025,14:00,L-D: 24H
AVIA,SAN ANDR#S AUZOA 7 (BERGARA-VITORIA C-6213 km 803),20500,Pa#s Vasco,GIPUZKOA,Arrasate/Mondrag#n,ARRASATE/MONDRAGON,-2.4975,43.048694,18/09/2025,18:34,L-D: 24H
AVIA AJARTE,AVENIDA AIXARTE ,48480,Pa#s Vasco,BIZKAIA,Arrigorriaga,ARRIGORRIAGA,-2.898583,43.201194,19/09/2025,08:13,L-V: 06:00-22:00  S-D: 07:00-22:00
REPSOL,AUTOVIA N-1 km 358,1520,Pa#s Vasco,ARABA/#LAVA,Arrazua-Ubarrundia,ZURBANO,-2.616361,42.876861,19/09/2025,19:00,L-D: 06:00-22:00
AVIA,AVDA.DE NAVARRA 5,20013,Pa#s Vasco,GIPUZKOA,Donostia-San Sebasti#n,DONOSTIA-SAN SEBASTIAN,-1.970639,43.325889,19/09/2025,10:24,L-D: 07:00-21:50
AVIA-KANTOI,CALLE OTAOLA 13,20600,Pa#s Vasco,GIPUZKOA,Eibar,EIBAR,-2.482917,43.181611,15/09/2025,10:29,L-V: 06:00-22:00  S-D: 08:00-22:00
BP IRUN,AVENIDA NAVARRA 18,20304,Pa#s Vasco,GIPUZKOA,Irun,IRUN,-1.78225,43.339306,19/09/2025,00:00,L-D: 06:00-22:00
AVIA,BARRIO AKARREGI 23,20120,Pa#s Vasco,GIPUZKOA,Hernani,HERNANI,-1.968278,43.266944,17/09/2025,14:32,L-V: 06:30-21:30  S-D: 08:00-21:00
AVIA,CARRETERA GI-120 KM. 65,20210,Pa#s Vasco,GIPUZKOA,Lazkao,LAZKAO,-2.188333,43.041944,12/09/2025,14:19,L-D: 24H
ALIBARRA,CALLE ALIBARRA 34,1010,Pa#s Vasco,ARABA/#LAVA,Vitoria-Gasteiz,VITORIA-GASTEIZ,-2.7105,42.864944,08/09/2025,10:37,L-D: 24H
AVIA-ACITAIN,CALLE BARRENA 19,20600,Pa#s Vasco,GIPUZKOA,Eibar,EIBAR,-2.454556,43.189972,17/09/2025,12:18,L-V: 06:00-22:00  S-D: 08:00-22:00
AVIA,CARRETERA A-2122 KM. 11,1423,Pa#s Vasco,ARABA/#LAVA,Lantar#n,PUENTELARR#/LARRAZUBI,-3.04575,42.755583,15/09/2025,10:09,L-D: 07:00-21:00
PETRONOR,PASEO AINGERU 8,20540,Pa#s Vasco,GIPUZKOA,Eskoriatza,ESKORIATZA,-2.5345,43.013833,16/09/2025,15:33,L-D: 06:00-22:00
REPSOL,CALLE ALTO DE ARMENTIA 2,1007,Pa#s Vasco,ARABA/#LAVA,Vitoria-Gasteiz,VITORIA-GASTEIZ,-2.698917,42.836778,15/09/2025,12:14,L-V: 06:00-22:00  S-D: 07:00-22:00
GALP,AVENIDA HIPODROMO S/N,20160,Pa#s Vasco,GIPUZKOA,Donostia-San Sebasti#n,ZUBIETA,-2.023,43.25425,19/09/2025,19:00,L-D: 24H
GALP,CALLE GABARRARI 22,20280,Pa#s Vasco,GIPUZKOA,Hondarribia,HONDARRIBIA,-1.794389,43.356444,19/09/2025,19:00,L-D: 07:00-23:00
GALP,AVENIDA LETXUMBORRO 81,20305,Pa#s Vasco,GIPUZKOA,Irun,IRUN,-1.819028,43.330917,19/09/2025,19:00,L-S: 08:00-22:00  D: 10:00-15:00
PETRO SWAP,CARRETERA GI-631 KM. 106,20730,Pa#s Vasco,GIPUZKOA,Azpeitia,AZPEITIA,-2.253778,43.203861,11/09/2025,10:07,L: 24H
EROSKI,AVENIDA ZUMALACARREGUI (C.C. EROSKI) S/N,1400,Pa#s Vasco,ARABA/#LAVA,Llodio,LAUDIO/LLODIO,-2.968,43.138,19/09/2025,08:04,L-S: 07:30-21:30
EROSKI,POLIGONO SUI 1 (C.C. EROSKI) 1,1213,Pa#s Vasco,ARABA/#LAVA,Ribera Baja/Erribera Beitia,RIBABELLOSA,-2.917639,42.704639,19/09/2025,08:04,L-S: 10:00-22:00
EROSKI,CALLE ZARAMAGA 1,1013,Pa#s Vasco,ARABA/#LAVA,Vitoria-Gasteiz,VITORIA-GASTEIZ,-2.664278,42.860306,19/09/2025,08:04,L-D: 24H
EROSKI,CALLE GARBERA BIDEA 2,20015,Pa#s Vasco,GIPUZKOA,Donostia-San Sebasti#n,DONOSTIA-SAN SEBASTIAN,-1.943889,43.311194,19/09/2025,08:04,L-D: 24H
EROSKI,BARRIO MUSAKOLA S/N,20500,Pa#s Vasco,GIPUZKOA,Arrasate/Mondrag#n,ARRASATE/MONDRAGON,-2.475278,43.070694,19/09/2025,08:04,L-V: 07:00-21:30  S-D: 09:00-21:30
EROSKI,CALLE TXIKIERDI 7,20170,Pa#s Vasco,GIPUZKOA,Usurbil,USURBIL,-2.022194,43.276889,19/09/2025,08:04,L-S: 07:00-22:30  D: 10:00-21:00
CARREFOUR,POLIGONO INDUSTRIAL 201 BARRIO YURRE S/N,20212,Pa#s Vasco,GIPUZKOA,Olaberria,OLABERRIA,-2.2175,43.035056,19/09/2025,11:05,L-S: 07:00-21:00  D: 09:00-15:00
CARREFOUR,CARRETERA MADRID-IRUN KM. 469,20180,Pa#s Vasco,GIPUZKOA,Oiartzun,OIARTZUN,-1.876417,43.314639,19/09/2025,11:05,L-S: 07:45-21:30  D: 09:00-15:00
IBAIA ENERGY,VIAL CTRA. N102 KM347 N102,1195,Pa#s Vasco,ARABA/#LAVA,Vitoria-Gasteiz,ZUAZO DE VITORIA/ZUHATZU,-2.722278,42.829528,19/09/2025,18:04,L-D: 24H
CEPSA ,CARRETERA NACIONAL 1 KM. 3418,1195,Pa#s Vasco,ARABA/#LAVA,Vitoria-Gasteiz,SUBIJANA DE ALAVA,-2.778694,42.818944,19/09/2025,11:03,L-V: 06:00-23:00  S: 06:00-22:00  D: 06:00-23:00
CEPSA,N-240-B km 118,1510,Pa#s Vasco,ARABA/#LAVA,Arrazua-Ubarrundia,LUKO,-2.639528,42.941417,08/09/2025,02:00,L-D: 09:00-21:00
MOEVE,CARRETERA A-624 KM. 378,1450,Pa#s Vasco,ARABA/#LAVA,Amurrio,LEZAMA,-2.967611,43.031889,19/09/2025,00:00,L-D: 06:00-22:00
REPSOL,CL CIRCUITO IBILBIDEA 8 (N-1 km 455),20160,Pa#s Vasco,GIPUZKOA,Lasarte-Oria,LASARTE,-2.019028,43.257333,19/09/2025,00:00,L-D: 06:30-22:30
REPSOL,CL TRIANAS 17,1006,Pa#s Vasco,ARABA/#LAVA,Vitoria-Gasteiz,VITORIA-GASTEIZ,-2.6645,42.838722,19/09/2025,20:00,L-D: 06:00-22:00
REPSOL,CR N-1 3505,1196,Pa#s Vasco,ARABA/#LAVA,Vitoria-Gasteiz,LOPIDANA,-2.712472,42.877139,19/09/2025,19:00,L-D: 24H
REPSOL,CR N-1 3505,1196,Pa#s Vasco,ARABA/#LAVA,Vitoria-Gasteiz,LOPIDANA,-2.714472,42.878694,19/09/2025,19:00,L-D: 24H
REPSOL,CARRETERA N-124 KM. 35,1212,Pa#s Vasco,ARABA/#LAVA,Labastida,SALINILLAS DE BURADON,-2.849833,42.635194,19/09/2025,00:00,L-V: 07:00-21:45  S-D: 08:00-21:45
PETRONOR,CARRETERA NACIONAL 1 KM. 437,20400,Pa#s Vasco,GIPUZKOA,Tolosa,TOLOSA,-2.068778,43.152861,19/09/2025,00:00,L-D: 06:00-22:00
REPSOL, SANTXOLOPETEGI AUZOA 25,20560,Pa#s Vasco,GIPUZKOA,O#ati,O#ATI,-2.435417,43.053583,19/09/2025,00:00,L-D: 05:00-22:00
CEPSA,CALLE VENTA DE LA ESTRELLA 3,1006,Pa#s Vasco,ARABA/#LAVA,Vitoria-Gasteiz,VITORIA-GASTEIZ,-2.658222,42.836833,17/09/2025,10:18,L-D: 07:00-22:00
PETRONOR,CL AVENIDA DE LA ZURRIOLA 32,20002,Pa#s Vasco,GIPUZKOA,Donostia-San Sebasti#n,DONOSTIA-SAN SEBASTIAN,-1.975111,43.325194,19/09/2025,19:00,L-D: 07:00-22:00
PETRONOR,CALLE BETO#O 1,1013,Pa#s Vasco,ARABA/#LAVA,Vitoria-Gasteiz,VITORIA-GASTEIZ,-2.661694,42.859278,19/09/2025,00:00,L-D: 06:00-22:00
REPSOL,CALLE ARANEDER BIDEA 1,20180,Pa#s Vasco,GIPUZKOA,Oiartzun,OIARTZUN,-1.871833,43.296222,19/09/2025,00:00,L-D: 06:30-21:30
REPSOL,CR N-1 4407,20150,Pa#s Vasco,GIPUZKOA,Villabona,VILLABONA,-2.055528,43.177167,19/09/2025,00:00,L-D: 06:00-22:00
REPSOL,CALLE TERMINAL DE ZAISA-BEHOBIA S/N (CTRA. NAC.1) 484,20305,Pa#s Vasco,GIPUZKOA,Irun,IRUN,-1.754111,43.341111,19/09/2025,06:00,L-D: 24H
REPSOL,AUTOVIA N-1 KM. 451000,20160,Pa#s Vasco,GIPUZKOA,Lasarte-Oria,LASARTE,-2.021972,43.252778,19/09/2025,17:00,L-D: 06:00-22:00
REPSOL,CR N-1 4233,20249,Pa#s Vasco,GIPUZKOA,Itsasondo,ITSASONDO,-2.163667,43.065889,19/09/2025,00:00,L-D: 06:00-22:00
PETRONOR,CALLE ZUBIAURRE ZAHAR 3,20800,Pa#s Vasco,GIPUZKOA,Zarautz,ZARAUTZ,-2.158361,43.28325,19/09/2025,00:00,L-D: 06:30-22:30
GALP,CARRETERA ANTIGUA NACIONAL I KM. 375,1200,Pa#s Vasco,ARABA/#LAVA,Salvatierra/Agurain,SALVATIERRA O AGURAIN,-2.394583,42.848944,19/09/2025,19:00,L-D: 06:00-22:00
GALP,CARRETERA N 634 KM. 0,20820,Pa#s Vasco,GIPUZKOA,Deba,DEBA,-2.341111,43.293806,19/09/2025,17:00,L-D: 06:00-22:00
GALP,CARRETERA N 634 KM. 41,20820,Pa#s Vasco,GIPUZKOA,Deba,DEBA,-2.340833,43.294167,19/09/2025,17:00,L-V: 08:00-20:00
GALP,CARRETERA GI-2632 KM. 2,20200,Pa#s Vasco,GIPUZKOA,Beasain,BEASAIN,-2.234583,43.045861,19/09/2025,19:00,L-V: 07:00-21:00  S: 07:00-15:00
AVIA,AP-8 (MRG.IZDO.) km 55,20829,Pa#s Vasco,GIPUZKOA,Deba,ITZIAR,-2.328222,43.284944,19/09/2025,12:46,L-D: 24H
AVIA,AP-8 (MRG.DCHO.) km 55,20829,Pa#s Vasco,GIPUZKOA,Deba,ITZIAR,-2.329861,43.284528,19/09/2025,12:47,L-D: 24H
GALP,AVENIDA NAVARRA 81,20100,Pa#s Vasco,GIPUZKOA,Errenteria,RENTERIA,-1.905194,43.316139,19/09/2025,18:00,L-D: 07:00-23:00
GALP,CARRETERA GI 2638 KM. 33,20100,Pa#s Vasco,GIPUZKOA,Lezo,LEZO,-1.870444,43.326944,19/09/2025,19:00,L-V: 07:00-22:00  S: 08:00-21:00  D: 09:00-16:00
BP OLABERRIA,CARRETERA N-I MADRID-IRUN KM. 416,20212,Pa#s Vasco,GIPUZKOA,Olaberria,OLABERRIA,-2.219917,43.026472,19/09/2025,00:00,L-D: 24H
GALP,CALLE ELIZ KALE 0,20700,Pa#s Vasco,GIPUZKOA,Zumarraga,ZUMARRAGA,-2.312889,43.087111,19/09/2025,19:00,L-D: 06:00-22:00
MOEVE,AUTOPISTA AP-8 (MRG.IZDO.) KM. 271,20170,Pa#s Vasco,GIPUZKOA,Usurbil,USURBIL,-2.029083,43.284833,19/09/2025,20:00,L-D: 24H
MOEVE,AUTOPISTA AP-8 (MRG.DCHO.) KM. 271,20170,Pa#s Vasco,GIPUZKOA,Usurbil,USURBIL,-2.031889,43.286611,19/09/2025,19:00,L-D: 06:00-22:00
REPSOL,PASEO DEL DOCTOR BEGUIRISTAIN 271,20014,Pa#s Vasco,GIPUZKOA,Donostia-San Sebasti#n,DONOSTIA-SAN SEBASTIAN,-1.984056,43.285972,19/09/2025,00:00,L-D: 24H
REPSOL,CR GI-632 1,20200,Pa#s Vasco,GIPUZKOA,Beasain,BEASAIN,-2.220417,43.050028,19/09/2025,00:00,L-S: 05:30-21:30  D: 07:00-21:30
REPSOL,CARRETERA A-124 KM. 65,1300,Pa#s Vasco,ARABA/#LAVA,Laguardia,LAGUARDIA,-2.578806,42.547639,19/09/2025,00:00,L-V: 07:00-21:45  S-D: 08:00-21:45
REPSOL,CL AVENIDA DE TOLOSA 188,20009,Pa#s Vasco,GIPUZKOA,Donostia-San Sebasti#n,DONOSTIA-SAN SEBASTIAN,-2.002111,43.299889,19/09/2025,19:00,L-D: 24H
PETRONOR,N-634     (BO. DE AGUINAGA) km 76,20170,Pa#s Vasco,GIPUZKOA,Usurbil,AGINAGA,-2.073278,43.277417,19/09/2025,00:00,L-D: 06:00-22:00
REPSOL,CARRETERA NACIONAL 634 KM. 57,20170,Pa#s Vasco,GIPUZKOA,Usurbil,USURBIL,-2.070472,43.271361,19/09/2025,00:00,L-D: 06:00-22:00
PETRONOR,CL ARETA 2,1400,Pa#s Vasco,ARABA/#LAVA,Llodio,LAUDIO/LLODIO,-2.951361,43.148639,19/09/2025,20:00,L-D: 06:00-22:00
AVIA,CALLE IBAI ONDO 14,20720,Pa#s Vasco,GIPUZKOA,Azkoitia,AZKOITIA,-2.312056,43.176444,15/09/2025,09:31,L-S: 06:00-22:00  D: 09:00-22:00
CEPSA,CALLE BIKU#A S/N,20230,Pa#s Vasco,GIPUZKOA,Legazpi,LEGAZPI,-2.332194,43.034694,16/09/2025,09:34,L-S: 08:00-21:00  D: 08:00-14:30
REPSOL,PASEO ERRONDO 7,20010,Pa#s Vasco,GIPUZKOA,Donostia-San Sebasti#n,DONOSTIA-SAN SEBASTIAN,-1.981472,43.309028,19/09/2025,00:00,L-V: 06:00-22:00  S-D: 07:00-22:00
CEPSA,CALLE AXULAR IBILTOKIA S/N,20750,Pa#s Vasco,GIPUZKOA,Zumaia,ZUMAIA,-2.258083,43.294833,19/09/2025,06:43,L-V: 07:30-20:30  S: 08:00-14:00  D: 09:00-13:00
PETRONOR,CL AVDA. DE GUIPUZCOA 34,20500,Pa#s Vasco,GIPUZKOA,Arrasate/Mondrag#n,ARRASATE/MONDRAGON,-2.478333,43.067028,19/09/2025,17:00,L-S: 06:00-22:00  D: 08:00-20:00
EASYGAS,CARRETERA GI-636 KM. 13,20280,Pa#s Vasco,GIPUZKOA,Hondarribia,HONDARRIBIA,-1.808528,43.347556,12/09/2025,12:34,L-D: 24H
EASYGAS,CARRETERA GI-636 KM. 13,20280,Pa#s Vasco,GIPUZKOA,Hondarribia,HONDARRIBIA,-1.806944,43.347167,12/09/2025,12:37,L-D: 06:00-22:00
REPSOL,CARRETERA N-1 KM. 3644,1192,Pa#s Vasco,ARABA/#LAVA,Elburgo/Burgelu,ELBURGO/BURGELU,-2.518167,42.878556,19/09/2025,19:00,L-D: 06:00-22:00
PETRONOR,CARRETERA GI-2630 KM. 179,20560,Pa#s Vasco,GIPUZKOA,O#ati,O#ATI,-2.420639,43.039917,19/09/2025,00:00,L-D: 06:00-22:00
BIDASOIL,CARRETERA N-121 A KM. 764,20305,Pa#s Vasco,GIPUZKOA,Irun,IRUN,-1.752694,43.335806,15/09/2025,11:01,L-V: 06:00-22:00  S-D: 07:00-22:00
REPSOL,AVENIDA SAN PEDRO 3,20017,Pa#s Vasco,GIPUZKOA,Donostia-San Sebasti#n,DONOSTIA-SAN SEBASTIAN,-1.943667,43.321667,19/09/2025,00:00,L-D: 06:30-22:30
PETRONOR,AU AP-68 36,1139,Pa#s Vasco,ARABA/#LAVA,Zuia,ALTUBE,-2.870083,42.966111,19/09/2025,19:00,L-D: 06:00-23:00
REPSOL,AU AP-68 36,1139,Pa#s Vasco,ARABA/#LAVA,Zuia,ALTUBE,-2.873583,42.966472,19/09/2025,19:00,L-D: 06:00-23:00
PETRONOR,AU AP-68 63  D,1213,Pa#s Vasco,ARABA/#LAVA,Ribera Baja/Erribera Beitia,IGAY,-2.913306,42.743111,19/09/2025,19:00,L-D: 24H
PETRONOR,AU AP-68 635,1213,Pa#s Vasco,ARABA/#LAVA,Ribera Baja/Erribera Beitia,IGAY,-2.913222,42.741361,19/09/2025,20:00,L-D: 24H
CEPSA,AUTOVIA A-1 KM. 454600,20160,Pa#s Vasco,GIPUZKOA,Donostia-San Sebasti#n,ZUBIETA,-2.02525,43.247361,19/09/2025,19:00,L-D: 24H
PETRONOR,CR GI-2132 04,20120,Pa#s Vasco,GIPUZKOA,Hernani,HERNANI,-2.000944,43.277667,19/09/2025,00:00,L-V: 06:00-22:00
PETRONOR,CR  GI-2132 P.K. 04 M.I.,20120,Pa#s Vasco,GIPUZKOA,Hernani,HERNANI,-2.001361,43.278056,19/09/2025,00:00,L-D: 06:00-22:00
PETRONOR,CARRETERA CTRA.VITORIA-ESTELLA KM. 38,1110,Pa#s Vasco,ARABA/#LAVA,Campezo/Kanpezu,SANTA CRUZ CAMPEZO,-2.357278,42.670222,15/09/2025,13:46,L-V: 06:00-22:00  S: 06:30-22:00  D: 13:30-22:00
REPSOL,CALLE DEBA 21,20870,Pa#s Vasco,GIPUZKOA,Elgoibar,ELGOIBAR,-2.40875,43.219167,15/09/2025,12:09,L-D: 06:00-22:00
REPSOL,CALLE COMETE SAREA 1,20305,Pa#s Vasco,GIPUZKOA,Irun,IRUN,-1.753694,43.338528,19/09/2025,06:00,L-D: 24H
REPSOL,CALLE GIPUZKOA 59,20800,Pa#s Vasco,GIPUZKOA,Zarautz,ZARAUTZ,-2.158833,43.284944,19/09/2025,00:00,L-D: 24H
CEPSA,N-622 km 203,1130,Pa#s Vasco,ARABA/#LAVA,Zuia,MURGIA,-2.827722,42.961583,17/09/2025,14:12,L-V: 06:00-22:00  S: 07:00-22:00  D: 08:00-22:00
REPSOL,CARRETERA NACIONAL 1 KM. 445,20150,Pa#s Vasco,GIPUZKOA,Villabona,VILLABONA,-2.055778,43.178611,19/09/2025,00:00,L-D: 24H
REPSOL,PASEO ENDARLAZA S/N,20305,Pa#s Vasco,GIPUZKOA,Irun,IRUN,-1.760472,43.342111,19/09/2025,06:00,L-D: 24H
MOEVE,AVENIDA ELIZATXO (N-I KM 4805) 64,20305,Pa#s Vasco,GIPUZKOA,Irun,IRUN,-1.827139,43.328889,19/09/2025,00:00,L-D: 24H
MOEVE,AVENIDA ELIZATXO (N-I KM 4805) 64,20305,Pa#s Vasco,GIPUZKOA,Irun,IRUN,-1.827556,43.329333,19/09/2025,00:00,L-D: 24H
REPSOL,CARRETERA N-1 KM. 4691,20180,Pa#s Vasco,GIPUZKOA,Oiartzun,OIARTZUN,-1.879444,43.312222,19/09/2025,00:00,L-V: 06:00-22:00  S: 09:00-21:00
REPSOL,CR N-1 4691,20180,Pa#s Vasco,GIPUZKOA,Oiartzun,OIARTZUN,-1.879528,43.312139,19/09/2025,19:00,L-D: 06:00-22:00
REPSOL,CALLE AMILLAGA 17,20570,Pa#s Vasco,GIPUZKOA,Bergara,BERGARA,-2.423889,43.125833,19/09/2025,15:00,L-D: 06:00-22:00
REPSOL,CALLE PORTAL DE CASTILLA 32,1008,Pa#s Vasco,ARABA/#LAVA,Vitoria-Gasteiz,VITORIA-GASTEIZ,-2.682278,42.842833,19/09/2025,19:00,L-D: 06:30-22:30
REPSOL,AVENIDA IPARRALDE 42,20304,Pa#s Vasco,GIPUZKOA,Irun,IRUN,-1.787028,43.347278,19/09/2025,19:00,L-D: 24H
REPSOL,CL AVENIDA DE IPARRALDE  43,20304,Pa#s Vasco,GIPUZKOA,Irun,IRUN,-1.787361,43.347222,19/09/2025,19:00,L-D: 06:00-22:00
PETRONOR,CL AVENIDA HUETOS 81,1195,Pa#s Vasco,ARABA/#LAVA,Vitoria-Gasteiz,VITORIA-GASTEIZ,-2.721583,42.857472,19/09/2025,00:00,L-D: 06:00-23:00
PETRONOR,CL AVENIDA DE LTXUMBORRO S.N.,20305,Pa#s Vasco,GIPUZKOA,Irun,IRUN,-1.817028,43.333889,19/09/2025,19:00,L-D: 06:00-22:00
REPSOL,CR N-1 4325,20400,Pa#s Vasco,GIPUZKOA,Tolosa,TOLOSA,-2.0925,43.116917,19/09/2025,12:00,L-D: 24H
REPSOL,CR GI-632  BEASAIN-DURANGO 17,20200,Pa#s Vasco,GIPUZKOA,Beasain,BEASAIN,-2.227278,43.048222,19/09/2025,19:00,L-V: 06:00-22:00  S-D: 08:00-21:00
REPSOL,CARRETERA NACIONAL 1 KM. 425,20250,Pa#s Vasco,GIPUZKOA,Legorreta,LEGORRETA,-2.156194,43.078861,19/09/2025,00:00,L-D: 24H
REPSOL,AV AVENIDA DEL CANTABRICO8 -(PG PO,1013,Pa#s Vasco,ARABA/#LAVA,Vitoria-Gasteiz,VITORIA-GASTEIZ,-2.660222,42.864667,19/09/2025,20:00,L-D: 06:30-22:30
REPSOL,CL PORTAL DE ELORRIAGA17,1002,Pa#s Vasco,ARABA/#LAVA,Vitoria-Gasteiz,VITORIA-GASTEIZ,-2.648306,42.849778,19/09/2025,00:00,L-S: 06:00-22:00  D: 07:00-22:00
REPSOL,CL DE ZARAUTZ  136,20018,Pa#s Vasco,GIPUZKOA,Donostia-San Sebasti#n,DONOSTIA-SAN SEBASTIAN,-2.002528,43.301083,19/09/2025,20:00,L-D: 06:00-22:00
REPSOL,CR  N-1 P.K. 419,20200,Pa#s Vasco,GIPUZKOA,Beasain,BEASAIN,-2.194806,43.045278,19/09/2025,07:34,L-D: 24H
MOEVE,AUTOPISTA AP-8 (MRG.IZDO.) KM. 83,20180,Pa#s Vasco,GIPUZKOA,Oiartzun,OIARTZUN,-1.852222,43.316611,19/09/2025,00:00,L-D: 24H
MOEVE,AUTOPISTA AP-8 (MRG.DCHO.) KM. 83,20180,Pa#s Vasco,GIPUZKOA,Oiartzun,OIARTZUN,-1.844528,43.317611,19/09/2025,00:00,L-D: 24H
ALCAMPO IRUN,PARQUE COMERCIAL TXINGUDI ZONA ARASO.B. VENTAS 80,20305,Pa#s Vasco,GIPUZKOA,Irun,IRUN,-1.834722,43.322583,15/09/2025,10:40,L-D: 06:00-00:00
E.S. TOCALU ,ACCESO A2622 0,1420,Pa#s Vasco,ARABA/#LAVA,Ribera Alta,POBES,-2.901944,42.81125,17/09/2025,14:13,L-D: 07:00-22:00
AVIA,CR. BI-100 km 257,48130,Pa#s Vasco,BIZKAIA,Bakio,BASIGO,-2.814667,43.411583,19/09/2025,12:45,L-V: 07:00-22:00  S-D: 08:00-22:00
EROSKI,AVENIDA IPARRAGUIRRE 110,48940,Pa#s Vasco,BIZKAIA,Leioa,LEIOA,-2.973194,43.317694,19/09/2025,08:04,L-S: 08:00-22:30  D: 09:00-22:30
EROSKI,POLIGONO ZABALANDI AUZOA 20,48970,Pa#s Vasco,BIZKAIA,Basauri,ARIZGOITI,-2.875889,43.2275,19/09/2025,08:04,L-D: 24H
EROSKI,BARRIO PERURI 38,48940,Pa#s Vasco,BIZKAIA,Leioa,LEIOA,-2.994389,43.340389,19/09/2025,08:04,L-D: 24H
EROSKI,BARRIO EL BAULAR 17,48860,Pa#s Vasco,BIZKAIA,Zalla,ZALLA,-3.124889,43.209889,19/09/2025,08:04,L-S: 07:30-21:30
EROSKI,BARRIO MURUETA S/N,48220,Pa#s Vasco,BIZKAIA,Abadi#o,ABADI#O-ZELAIETA,-2.618111,43.171889,19/09/2025,08:04,L-D: 24H
EROSKI,CALLE KAREAGA 40,48903,Pa#s Vasco,BIZKAIA,Barakaldo,SAN VICENTE DE BARAKALDO,-3.004194,43.287194,19/09/2025,08:04,L-D: 24H
MOEVE,CARRETERA N-634 KM. 764,48240,Pa#s Vasco,BIZKAIA,Berriz,BERRIZ-OLAKUETA,-2.58525,43.166722,18/09/2025,06:30,L-D: 06:30-21:30
MOEVE,BARRIO EL BAULAR 11,48860,Pa#s Vasco,BIZKAIA,Zalla,ZALLA,-3.126639,43.212361,18/09/2025,06:00,L-D: 06:00-22:00
ALCAMPO,CARRETERA ELORRIO KM. S/N,48200,Pa#s Vasco,BIZKAIA,Durango,DURANGO,-2.620333,43.164944,15/09/2025,06:56,L-S: 06:00-22:20  D: 08:00-22:00
URKIOIL,BI-623 km 31,48213,Pa#s Vasco,BIZKAIA,Izurtza,IZURZA,-2.644972,43.145611,16/09/2025,09:13,L-D: 06:00-22:00
AVIA,POLIGONO GOITONDO S/N,48269,Pa#s Vasco,BIZKAIA,Mallabia,MALLABIA,-2.519028,43.193861,18/09/2025,11:34,L-S: 07:00-22:00  D: 08:00-22:00
GALP,CARRETERA BILBAO-SANTANDER KM. 120,48903,Pa#s Vasco,BIZKAIA,Barakaldo,SAN VICENTE DE BARAKALDO,-3.010167,43.288694,19/09/2025,18:00,L-D: 06:00-22:00
BP VALLE DEL TRAPAGA,CARRETERA N-634 KM. S/N,48510,Pa#s Vasco,BIZKAIA,Valle de Tr#paga-Trapagaran,VALLE DE TRAPAGA,-3.01775,43.292806,19/09/2025,00:00,L-D: 06:00-22:00
CEPSA,CALLE JUAN DE GARAY 9,48003,Pa#s Vasco,BIZKAIA,Bilbao,BILBAO,-2.932972,43.255917,19/09/2025,00:00,L-V: 08:30-16:00
CEPSA,BARRIO IBARRETA SN,48970,Pa#s Vasco,BIZKAIA,Basauri,ARIZGOITI,-2.886417,43.231333,15/09/2025,05:50,L-V: 06:00-15:00  S: 06:00-09:00
REPSOL,CR BI-631 20,48120,Pa#s Vasco,BIZKAIA,Mungia,LARRAURI,-2.805417,43.370667,19/09/2025,00:00,L-D: 08:00-22:00
BP BILBAO - STO DOMINGO MD,CARRETERA BI-631 BILBAO-BERMEO KM. 11,48015,Pa#s Vasco,BIZKAIA,Bilbao,BILBAO,-2.903778,43.27225,19/09/2025,00:00,L-D: 24H
BP BENGOECHEA,CR BI-2522 38,48410,Pa#s Vasco,BIZKAIA,Orozko,OROZKO,-2.912639,43.120944,19/09/2025,00:00,L-D: 07:00-23:00
REPSOL,CARRETERA BI-3737 KM. S/N,48993,Pa#s Vasco,BIZKAIA,Getxo,ANDRA MARI,-3.005278,43.360917,19/09/2025,14:06,L-D: 06:00-22:00
REPSOL,CARRETERA BI-3737 KM. S/N,48993,Pa#s Vasco,BIZKAIA,Getxo,ANDRA MARI,-3.006167,43.361056,19/09/2025,14:07,L-J: 06:00-00:00  V-S: 06:00-01:00  D: 06:00-00:00
REPSOL,CARRETERA BI-635 KM. 20,48340,Pa#s Vasco,BIZKAIA,Amorebieta-Etxano,AMOREBIETA,-2.729444,43.22925,19/09/2025,00:00,L-V: 06:30-20:00  S: 08:00-15:00
REPSOL,CARRETERA BI-635 KM. 20,48340,Pa#s Vasco,BIZKAIA,Amorebieta-Etxano,AMOREBIETA,-2.729861,43.229472,19/09/2025,00:00,L-V: 06:00-20:30  S: 08:00-14:00
PETRONOR,CARRETERA BI-3704 KM. 57,48180,Pa#s Vasco,BIZKAIA,Loiu,ELOTXELERRI,-2.943556,43.307861,19/09/2025,19:00,L-D: 06:00-22:00
PETRONOR,CARRETERA BI-3704 ASUA-LOIU KM. 57,48950,Pa#s Vasco,BIZKAIA,Erandio,ERANDIO-GOIKOA,-2.944833,43.307528,19/09/2025,20:00,L-V: 07:00-22:00  S-D: 08:00-22:00
PETRONOR,CR BI-631 32,48370,Pa#s Vasco,BIZKAIA,Bermeo,BERMEO,-2.736361,43.419889,19/09/2025,19:00,L-D: 06:00-22:00
REPSOL,CR BI-635 485,48360,Pa#s Vasco,BIZKAIA,Mundaka,MUNDAKA,-2.702944,43.412306,19/09/2025,14:00,L-D: 06:00-22:00
PETRONOR,CL MUNGUIA BI-3121 242,48610,Pa#s Vasco,BIZKAIA,Urduliz,URDULIZ,-2.930028,43.366194,19/09/2025,00:00,L-S: 07:00-22:00  D: 08:00-22:00
REPSOL,CR N-634 817,48215,Pa#s Vasco,BIZKAIA,Iurreta,IURRETA,-2.641389,43.175167,19/09/2025,20:00,L-D: 06:00-22:00
CEPSA,AVENIDA MIRAFLORES 12,48004,Pa#s Vasco,BIZKAIA,Bilbao,BILBAO,-2.911389,43.246694,19/09/2025,17:00,L-D: 06:00-22:00
PETRONOR,CL GRUPO LA PAZ 1 (BI-3739 km 47),48910,Pa#s Vasco,BIZKAIA,Sestao,SESTAO,-3.0105,43.313194,19/09/2025,00:00,L-D: 07:00-20:30
PETRONOR,CARRETERA BI-631 KM. 10,48160,Pa#s Vasco,BIZKAIA,Derio,DERIO,-2.876444,43.318583,19/09/2025,16:00,L-D: 06:00-22:00
PETRONOR,CARRETERA MUNGIA-PLENTZIA KM. 18,48100,Pa#s Vasco,BIZKAIA,Mungia,BILLELA,-2.864861,43.37725,19/09/2025,00:00,L-V: 06:00-22:00  S-D: 07:00-22:00
PETRONOR,CR BI-633 BERRIZ-ONDARROA 459,48270,Pa#s Vasco,BIZKAIA,Markina-Xemein,MARKINA-XEMEIN,-2.523694,43.259611,19/09/2025,19:00,L-V: 06:00-22:00  S-D: 07:00-22:00
REPSOL,CARRETERA N-634 KM. 991,48960,Pa#s Vasco,BIZKAIA,Galdakao,ERLECHES,-2.803833,43.236056,19/09/2025,00:00,L-V: 07:00-21:30  S: 08:00-20:00  D: 09:00-15:00
MOEVE,PLAZA REGOLLO S/N,48990,Pa#s Vasco,BIZKAIA,Getxo,ALGORTA,-2.99475,43.340389,18/09/2025,07:00,L-D: 00:00-23:59
PETRONOR,CL APERRIBAY 15,48960,Pa#s Vasco,BIZKAIA,Galdakao,USANSOLO,-2.873056,43.240111,19/09/2025,00:00,L-V: 06:30-21:30  S-D: 08:00-21:30
REPSOL,CARRETERA BI-3745 KM. 92,48910,Pa#s Vasco,BIZKAIA,Sestao,SESTAO,-3.00275,43.298889,19/09/2025,19:00,L-D: 06:00-22:00
REPSOL,CARRETERA BI-3745 KM. 92,48910,Pa#s Vasco,BIZKAIA,Sestao,SESTAO,-3.003167,43.298528,19/09/2025,20:00,L-D: 24H
PETRONOR,CR A-8  BILBAO BEHOBIA P.K. 997,48340,Pa#s Vasco,BIZKAIA,Amorebieta-Etxano,AMOREBIETA,-2.756306,43.231556,19/09/2025,20:00,L-D: 24H
PETRONOR,CR A-8 BILBAO-BEHOBIA P.K. 100,48340,Pa#s Vasco,BIZKAIA,Amorebieta-Etxano,AMOREBIETA,-2.754028,43.230083,19/09/2025,10:00,L-D: 24H
CEPSA,RAMON Y CAJAL S/N,48920,Pa#s Vasco,BIZKAIA,Portugalete,PORTUGALETE,-3.021278,43.315389,17/09/2025,10:49,L-D: 07:00-22:00
REPSOL,CARRETERA BOLUETA-ARRIGORRIAGA KM. 6,48970,Pa#s Vasco,BIZKAIA,Basauri,ARIZGOITI,-2.889111,43.226306,19/09/2025,19:00,L-D: 06:00-22:00
PETRONOR,AUTOPISTA AP-68 KM. 6,48490,Pa#s Vasco,BIZKAIA,Ugao-Miraballes,UGAO-MIRABALLES,-2.894444,43.18975,19/09/2025,20:00,L-D: 24H
PETRONOR,AU AP-68 6,48480,Pa#s Vasco,BIZKAIA,Arrigorriaga,ARRIGORRIAGA,-2.897389,43.190194,19/09/2025,19:00,L-D: 24H
REPSOL,CARRETERA ASUA-PLENTZIA KM. 23,48620,Pa#s Vasco,BIZKAIA,Plentzia,PLENTZIA,-2.943917,43.390333,19/09/2025,00:00,L-V: 06:00-22:00  S-D: 07:00-22:00
REPSOL,CALLE MUNOA SN,48903,Pa#s Vasco,BIZKAIA,Barakaldo,SAN VICENTE DE BARAKALDO,-2.978861,43.280083,19/09/2025,00:00,L-D: 06:00-22:00
REPSOL,AVENIDA IPARRAGUIRRE 21,48940,Pa#s Vasco,BIZKAIA,Leioa,LEIOA,-2.976194,43.320444,18/09/2025,00:01,L-D: 24H
REPSOL,AVENIDA IPARRAGUIRRE 108,48940,Pa#s Vasco,BIZKAIA,Leioa,LEIOA,-2.97575,43.319444,18/09/2025,00:01,L-D: 24H
PETRONOR,CR N-634 115,48013,Pa#s Vasco,BIZKAIA,Bilbao,BILBAO,-2.961389,43.265278,19/09/2025,20:00,L-V: 06:30-22:30  S-D: 07:30-22:30
MOEVE,BARRIO SAN FAUSTO 2,48230,Pa#s Vasco,BIZKAIA,Elorrio,ELORRIO,-2.548889,43.130583,16/09/2025,01:01,L-D: 07:00-21:00
GALP,CARRETERA BI-PL KM. 20,48600,Pa#s Vasco,BIZKAIA,Sopelana,MOREAGA,-2.987361,43.382583,19/09/2025,20:00,L-V: 06:00-22:00  S-D: 07:00-22:00
GALP,CARRETERA BI-PL KM. 20,48600,Pa#s Vasco,BIZKAIA,Sopelana,MOREAGA,-2.988472,43.382222,19/09/2025,19:00,L-V: 06:00-22:00  S-D: 07:00-22:00
SHELL,CTRA.LUTXANA-AS#A 36 km CENTRO COMERCIAL M,48950,Pa#s Vasco,BIZKAIA,Erandio,ERANDIO-GOIKOA,-2.952833,43.303333,19/09/2025,15:00,L-S: 07:30-21:30
PETRONOR,CL AMBASAGUAS 7,48991,Pa#s Vasco,BIZKAIA,Karrantza Harana/Valle de Carranza,CARRANZA,-3.355694,43.238139,15/09/2025,00:00,L-D: 08:00-21:00
REPSOL,CR N-634 93,48340,Pa#s Vasco,BIZKAIA,Amorebieta-Etxano,AMOREBIETA,-2.752944,43.228917,19/09/2025,19:00,L-V: 06:00-22:00  S-D: 08:00-22:00
REPSOL,CR N-634 1272,48500,Pa#s Vasco,BIZKAIA,Abanto y Ci#rvana-Abanto Zierbena,ABANTO,-3.068056,43.321861,19/09/2025,00:00,L-D: 06:00-22:00
REPSOL,AVENIDA ALTO DE ENEKURI 5,48015,Pa#s Vasco,BIZKAIA,Bilbao,BILBAO,-2.958444,43.286667,19/09/2025,20:00,L-D: 06:00-22:00
REPSOL,CL RIBERA DE AXPE 19,48950,Pa#s Vasco,BIZKAIA,Erandio,ERANDIO-GOIKOA,-2.984639,43.313056,18/09/2025,00:01,L-V: 06:00-22:00  S-D: 08:00-22:00
REPSOL,CARRETERA N634 KM. 1064,48450,Pa#s Vasco,BIZKAIA,"Etxebarri, Anteiglesia de San Esteban-Etxebarri Doneztebeko ",ETXEBARRI,-2.888444,43.250806,19/09/2025,00:00,L-V: 06:00-21:00  S: 07:00-21:00
REPSOL,CARRETERA N634 KM. 1064,48450,Pa#s Vasco,BIZKAIA,"Etxebarri, Anteiglesia de San Esteban-Etxebarri Doneztebeko ",ETXEBARRI,-2.889028,43.250667,19/09/2025,00:00,L-V: 05:00-22:45  S: 06:00-22:45  D: 06:00-22:00
REPSOL,CL BARRIO MERCADILLO S.N. (BI-2701 km 09),48190,Pa#s Vasco,BIZKAIA,Sopuerta,SOPUERTA,-3.152944,43.267,19/09/2025,00:00,L-D: 07:00-22:00
PETRONOR,CARRETERA BI-636 KM. 155,48830,Pa#s Vasco,BIZKAIA,G#e#es,SODUPE,-3.047306,43.204333,19/09/2025,00:00,L-D: 06:00-22:00
PETRONOR,CARRETERA B# ATXONDOA KM. 518,48270,Pa#s Vasco,BIZKAIA,Markina-Xemein,MARKINA-XEMEIN,-2.495722,43.280111,17/09/2025,10:06,L-D: 06:00-22:00
PETRONOR,CARRETERA BI-3704 KM. 55,48950,Pa#s Vasco,BIZKAIA,Erandio,ERANDIO-GOIKOA,-2.959889,43.291,19/09/2025,00:00,L-V: 06:00-22:00  S-D: 08:00-22:00
PETRONOR,CARRETERA BI-3704 KM. 55,48950,Pa#s Vasco,BIZKAIA,Erandio,ERANDIO-GOIKOA,-2.960417,43.291222,19/09/2025,00:00,L-V: 06:00-22:00  S-D: 08:00-22:00
PETRONOR,CR BI-636 4,48810,Pa#s Vasco,BIZKAIA,Alonsotegi,ALONSOTEGI,-2.980472,43.246528,12/09/2025,00:00,L-V: 06:00-20:00  S-D: 09:00-20:00
PETRONOR,CL B# EL JUNCAL S.N.,48510,Pa#s Vasco,BIZKAIA,Valle de Tr#paga-Trapagaran,VALLE DE TRAPAGA,-3.0135,43.29725,19/09/2025,00:00,L-V: 06:00-20:00
REPSOL,POLIGONO TXAPORTA S/N,48300,Pa#s Vasco,BIZKAIA,Gernika-Lumo,GERNIKA-LUMO,-2.678222,43.304944,19/09/2025,00:00,L-S: 07:00-21:00  D: 08:00-21:00
PETRONOR,AT A-8 131,48500,Pa#s Vasco,BIZKAIA,Abanto y Ci#rvana-Abanto Zierbena,ABANTO,-3.068806,43.3285,19/09/2025,19:00,L-D: 24H
PETRONOR,AT A-8 131,48500,Pa#s Vasco,BIZKAIA,Abanto y Ci#rvana-Abanto Zierbena,ABANTO,-3.067722,43.327111,19/09/2025,20:00,L-D: 24H
REPSOL,CL DE LA RIBERA  11,48902,Pa#s Vasco,BIZKAIA,Barakaldo,SAN VICENTE DE BARAKALDO,-3.004722,43.292806,19/09/2025,20:00,L-D: 07:00-22:00
CEPSA,POLIGONO EL ARBOL 1,48980,Pa#s Vasco,BIZKAIA,Santurtzi,SANTURTZI,-3.046944,43.319639,19/09/2025,00:00,L-D: 06:00-22:00
AVIA,AVENIDA LEHENDAKARI AGUIRRE 22,48140,Pa#s Vasco,BIZKAIA,Igorre,IGORRE,-2.777556,43.163778,19/09/2025,12:45,L-D: 06:00-22:00
CEPSA,CALLE REYES CATOLICOS 2,1013,Pa#s Vasco,ARABA/#LAVA,Vitoria-Gasteiz,VITORIA-GASTEIZ,-2.672944,42.855,19/09/2025,14:00,L-V: 07:00-21:00  S: 07:00-14:00
(SIN R#TULO),CARRETERA A-132 VITORIA-ESTELLA KM. 23,1120,Pa#s Vasco,ARABA/#LAVA,Arraia-Maeztu,MAEZTU/MAESTU,-2.477917,42.753194,15/09/2025,10:31,L-D: 07:00-23:00
AVIA,BARRIO MIJOA ,20830,Pa#s Vasco,GIPUZKOA,Mutriku,MUTRIKU,-2.411028,43.313833,08/09/2025,10:17,L-D: 07:00-22:00
CEPSA,PASEO DR. BEGIRISTAIN 66,20014,Pa#s Vasco,GIPUZKOA,Donostia-San Sebasti#n,DONOSTIA-SAN SEBASTIAN,-1.966806,43.295972,19/09/2025,20:00,L-D: 00:00-23:59
CEPSA,AVENIDA MEDITERRANEO 7,1010,Pa#s Vasco,ARABA/#LAVA,Vitoria-Gasteiz,VITORIA-GASTEIZ,-2.693722,42.849028,16/09/2025,10:28,L-S: 07:00-22:00  D: 08:00-22:00
AVIA,CALLE LARRAMENDI 28,20400,Pa#s Vasco,GIPUZKOA,Tolosa,TOLOSA,-2.071278,43.145222,08/09/2025,18:55,L-D: 06:00-22:00
REPSOL,VIADUCTO MIRAFLORES LARREAGABURU 1,48003,Pa#s Vasco,BIZKAIA,Bilbao,BILBAO,-2.92425,43.247694,19/09/2025,20:00,L-V: 06:00-22:00  S-D: 08:00-22:00
REPSOL,VIADUCTO MIRAFLORES LARREAGABURU 2,48003,Pa#s Vasco,BIZKAIA,Bilbao,BILBAO,-2.924778,43.248472,19/09/2025,19:00,L-D: 24H
REPSOL,CL ANTXOTXIPI  15,20305,Pa#s Vasco,GIPUZKOA,Irun,IRUN,-1.764556,43.339056,19/09/2025,19:00,L-D: 24H
REPSOL,CL POLIG.IND. BALPARDA EL ARBOL  2,48980,Pa#s Vasco,BIZKAIA,Santurtzi,SANTURTZI,-3.045972,43.319639,19/09/2025,00:00,L-D: 06:00-22:00
N1JUNDIZ,CALLE MENDIGORRITXU 50,1015,Pa#s Vasco,ARABA/#LAVA,Vitoria-Gasteiz,VITORIA-GASTEIZ,-2.747639,42.843111,18/09/2025,00:00,L-D: 24H
BP BILBAO - STO DOMINGO MI,CARRERO BI-631 BILBAO BERMEO 11,48015,Pa#s Vasco,BIZKAIA,Bilbao,BILBAO,-2.903028,43.272611,19/09/2025,00:00,L-D: 06:00-22:00
EROSKI,AVENIDA VEGA DE IBARRA S/N,48920,Pa#s Vasco,BIZKAIA,Portugalete,PORTUGALETE,-3.024278,43.311639,19/09/2025,08:04,L-S: 07:00-21:00  D: 09:00-21:00
CEPSA,BARRIO ARTEAGA 17,48170,Pa#s Vasco,BIZKAIA,Zamudio,ZAMUDIO,-2.852861,43.280111,15/09/2025,10:31,L-D: 24H
GASOLINERA ORTUELLA,POLIGONO GRANADA S/N,48530,Pa#s Vasco,BIZKAIA,Ortuella,ORTUELLA,-3.045,43.305833,19/09/2025,11:20,L-V: 06:00-22:00  S-D: 07:30-22:00
EESS DYNEFF,AVENIDA ALAVA 12,1213,Pa#s Vasco,ARABA/#LAVA,Ribera Baja/Erribera Beitia,RIBABELLOSA,-2.920667,42.692917,16/09/2025,00:01,L-D: 24H
EUROCAM,CALLE TRATADO DE PARIS 6,1230,Pa#s Vasco,ARABA/#LAVA,Iru#a Oka/Iru#a de Oca,NANCLARES DE LA OCA,-2.77225,42.823778,08/09/2025,12:45,L-D: 24H
CEPSA ETXEGARATE,AUTOVIA A-1 KM. 406000,20213,Pa#s Vasco,GIPUZKOA,Idiazabal,IDIAZABAL,-2.228333,42.949306,19/09/2025,00:05,L-D: 24H
URKIOIL,CARRETERA FORAL BI-VI 623 KM. 44,48210,Pa#s Vasco,BIZKAIA,Otxandio,OTXANDIO,-2.661972,43.063139,16/09/2025,09:15,L-D: 06:00-22:00
REPSOL,AUTOPISTA AP-1 KM. 129,20500,Pa#s Vasco,GIPUZKOA,Arrasate/Mondrag#n,ARRASATE/MONDRAGON,-2.476111,43.063333,19/09/2025,19:00,L-D: 24H
REPSOL,AUTOPISTA AP-1 KM. 121500,20540,Pa#s Vasco,GIPUZKOA,Eskoriatza,APOTZAGA,-2.535278,43.016944,19/09/2025,15:00,L-D: 24H
GEXA,CALLE ARA#ABURU 3-D 3,20180,Pa#s Vasco,GIPUZKOA,Oiartzun,OIARTZUN,-1.861306,43.317417,15/09/2025,11:37,L-D: 24H
ONA LOWCOST,AVENIDA AVDA. DE LOS HUETOS 56,1010,Pa#s Vasco,ARABA/#LAVA,Vitoria-Gasteiz,VITORIA-GASTEIZ,-2.716389,42.857194,16/09/2025,11:17,L-D: 06:00-22:00
AVIA  USOA,POLIGONO ZONA COMERCIAL AEROPUERTO LOIU 9,48160,Pa#s Vasco,BIZKAIA,Derio,ALDEKONA (SAN ISIDRO),-2.900389,43.306083,15/09/2025,09:41,L-V: 12:00-14:00
REPSOL,CARRETERA N-634 KM. 1018,48960,Pa#s Vasco,BIZKAIA,Galdakao,ELEXALDE GALDAKAO,-2.838194,43.227389,19/09/2025,19:00,L-V: 06:00-22:00  S-D: 08:00-22:00
VALCARCE,CALLE DEIDA 4,1207,Pa#s Vasco,ARABA/#LAVA,San Mill#n/Donemiliaga,DURRUMA/SAN ROMAN DE SAN,-2.314083,42.871167,18/09/2025,00:01,L-D: 24H
FUEL TRUCK,CALLE ARA#ABURU 7,20180,Pa#s Vasco,GIPUZKOA,Oiartzun,OIARTZUN,-1.854333,43.319444,15/09/2025,08:54,L-D: 24H
GACELA,CALLE ANTXOTXIPI 10    ZAISA III 10,20305,Pa#s Vasco,GIPUZKOA,Irun,IRUN,-1.768694,43.337278,11/09/2025,00:30,L-D: 24H
ADS,CALLE DEIDA 6,1250,Pa#s Vasco,ARABA/#LAVA,Asparrena,ARAIA,-2.312056,42.870861,19/09/2025,09:22,L-D: 24H
O#ATRANS,CALLE MAASTRICHT 2,1230,Pa#s Vasco,ARABA/#LAVA,Iru#a Oka/Iru#a de Oca,NANCLARES DE LA OCA,-2.773139,42.825472,15/09/2025,12:01,L-D: 24H
MOEVE,CALLE POLIGONO OKITURRI 4,1207,Pa#s Vasco,ARABA/#LAVA,San Mill#n/Donemiliaga,DURRUMA/SAN ROMAN DE SAN,-2.324083,42.863583,07/09/2025,00:00,L-D: 24H
MOEVE,POLIGONO INDUSTRIAL LEIZOTZ PARCELA A-1 N,20140,Pa#s Vasco,GIPUZKOA,Andoain,LEIZOTZ,-2.000389,43.232028,19/09/2025,00:00,L-D: 06:00-22:00
AVIA,CALLE URARTEA 23,1010,Pa#s Vasco,ARABA/#LAVA,Vitoria-Gasteiz,VITORIA-GASTEIZ,-2.712722,42.863778,19/09/2025,14:37,L-D: 06:30-22:30
GUGAS,CARRETERA LOGRO#O KM. 10,1320,Pa#s Vasco,ARABA/#LAVA,Oy#n/Oion,OYON-OION,-2.432278,42.490611,16/09/2025,01:08,L-D: 07:00-23:00
AVIA,CARRETERA N 634 KM. 96700,48960,Pa#s Vasco,BIZKAIA,Galdakao,ERLECHES,-2.792667,43.231972,09/09/2025,11:59,L-V: 06:00-22:00  S-D: 08:00-22:00
MOEVE,CARRETERA A-1 KM. 443,20150,Pa#s Vasco,GIPUZKOA,Villabona,AMASA,-2.039361,43.200806,19/09/2025,16:00,L-D: 06:00-22:00
EROSKI,CALLE BREMEN 6,1010,Pa#s Vasco,ARABA/#LAVA,Vitoria-Gasteiz,VITORIA-GASTEIZ,-2.708611,42.854694,19/09/2025,08:04,L-D: 24H
ARMENTIA,CALLE ALTO DE ARMENTIA 10,1007,Pa#s Vasco,ARABA/#LAVA,Vitoria-Gasteiz,VITORIA-GASTEIZ,-2.700972,42.837111,19/09/2025,11:02,L-D: 24H
AVIA,EXPLANADA PUNTA CEBALLOS S/N,48508,Pa#s Vasco,BIZKAIA,Zierbena,EL PUERTO,-3.100528,43.362194,19/09/2025,12:39,L-D: 24H
EUSKADILOWCOST,BARRIO POL.IND. ISASI 42,48192,Pa#s Vasco,BIZKAIA,Gordexola,ZUBIETE,-3.061972,43.183694,17/09/2025,11:56,L-D: 24H
SHELL,CARRETERA N-I KM. 323,1213,Pa#s Vasco,ARABA/#LAVA,Ribera Baja/Erribera Beitia,RIBABELLOSA,-2.906944,42.710639,19/09/2025,14:00,L-D: 24H
NATURGY,CALLE A-1 KM 342. POL. IND. SUBILLABIDE (SUVILLAVIDE BIDEA) 2,1230,Pa#s Vasco,ARABA/#LAVA,Iru#a Oka/Iru#a de Oca,NANCLARES DE LA OCA,-2.770694,42.824389,16/09/2025,10:00,L-D: 24H
ALCAMPO,CALLE ARITZ BIDEA S/N,48100,Pa#s Vasco,BIZKAIA,Mungia,MUNGIA,-2.839833,43.354389,15/09/2025,10:04,L-S: 06:00-23:00  D: 08:00-22:20
AVIA,CALLE URTEAGA 28,20570,Pa#s Vasco,GIPUZKOA,Bergara,BERGARA,-2.406556,43.107861,19/09/2025,12:48,L-D: 24H
IDS,CALLE MAZUOLA 4,20305,Pa#s Vasco,GIPUZKOA,Irun,IRUN,-1.83675,43.325722,19/09/2025,00:00,L-D: 24H
ARRIBIDE,POLIGONO ARRIANDI 1,48215,Pa#s Vasco,BIZKAIA,Iurreta,IURRETA,-2.66125,43.182722,08/09/2025,10:51,L-D: 06:30-22:30
EROSKI,BARRIO SAN AGUSTIN S/N,48230,Pa#s Vasco,BIZKAIA,Elorrio,ELORRIO,-2.562639,43.130194,19/09/2025,08:04,L-D: 07:00-19:00
CARREFOUR,CARRETERA BARACALDO VALLE DE TR#PAGA POL IND. IBARZAGARRA KM. S/N,48910,Pa#s Vasco,BIZKAIA,Sestao,SESTAO,-3.004833,43.299861,19/09/2025,11:05,L-S: 07:00-21:30  D: 09:00-15:00
EROSKI,CALLE LEIZEAGA 7,20570,Pa#s Vasco,GIPUZKOA,Bergara,BERGARA,-2.425306,43.122694,19/09/2025,08:04,L-D: 24H
PETROMIRALLES,POL. IND. KARRIKA. PARCELA 6,20140,Pa#s Vasco,GIPUZKOA,Andoain,ANDOAIN,-2.034417,43.206667,15/09/2025,15:00,L-D: 24H
EUSKADILOWCOST,CARRETERA 634 PK 77310 KM  DONOSTIA/SAN SEBASTAIN A SANTANDER Y LA CORU#A POL IND EITUA N#71 KM. 77310,48249,Pa#s Vasco,BIZKAIA,Berriz,EITUA,-2.595917,43.166306,17/09/2025,11:53,L-D: 24H
PETROPRIX,CALLE UBEGUN INDUSTRIGUNEA 1,20809,Pa#s Vasco,GIPUZKOA,Aia,AIA,-2.129028,43.274111,19/09/2025,18:28,L-D: 24H
ORHELA,CALLE EGUILEOR 1,1200,Pa#s Vasco,ARABA/#LAVA,Salvatierra/Agurain,SALVATIERRA O AGURAIN,-2.387694,42.846056,18/09/2025,15:01,L-D: 24H
GERANTISAN,CALLE TRATADO DE MAASTRICH 1,1230,Pa#s Vasco,ARABA/#LAVA,Iru#a Oka/Iru#a de Oca,NANCLARES DE LA OCA,-2.77475,42.82525,15/09/2025,09:30,L-V: 06:00-23:59
EUSKADILOWCOST,POLIGONO POLIGONO INDUSTRIAL S1-2 BALLONTI 2,48530,Pa#s Vasco,BIZKAIA,Ortuella,ORTUELLA,-3.029444,43.31325,17/09/2025,11:54,L-D: 24H
PETROPRIX,POLIGONO UGALDEGUREN 25,48170,Pa#s Vasco,BIZKAIA,Zamudio,ZAMUDIO,-2.872639,43.286,19/09/2025,18:28,L-D: 24H
ES DULANTZI REPSOL,CALLE GASTEIZBIDEA 59,1240,Pa#s Vasco,ARABA/#LAVA,Alegr#a-Dulantzi,ALEGRIA-DULANTZI,-2.519194,42.842917,19/09/2025,07:52,L-D: 07:00-22:00
HAM,CALLE ANTXOTXIPI KALEA 4,20305,Pa#s Vasco,GIPUZKOA,Irun,IRUN,-1.76425,43.339,16/09/2025,12:00,L-D: 24H
GALP,BARRIO SAN ANDRES AUZOA 7,20500,Pa#s Vasco,GIPUZKOA,Arrasate/Mondrag#n,ARRASATE/MONDRAGON,-2.49875,43.048472,19/09/2025,18:00,L-D: 07:00-22:00
Z2OIL,POLIGONO LA CRUZ P-2 7,48170,Pa#s Vasco,BIZKAIA,Zamudio,ZAMUDIO,-2.851,43.276028,15/09/2025,09:12,L-V: 06:00-22:00  S-D: 08:30-20:30
PETROENCINA,"CALLE CARRETERA A GAMA - POLIGONO ""LA RONDINA"" PARCELA I-2",48460,Pa#s Vasco,BIZKAIA,Urdu#a-Ordu#a,ORDU#A,-3.014944,42.986694,16/09/2025,07:23,L-D: 24H
EASYGAS,CARRETERA AMOREBIETA - GERNIKA KM. 26400,48392,Pa#s Vasco,BIZKAIA,Muxika,USPARITXA,-2.685861,43.266222,18/09/2025,09:17,L-D: 24H
EASYGAS,CARRETERA AMOREBIETA - GERNIKA KM. 26400,48392,Pa#s Vasco,BIZKAIA,Muxika,USPARITXA,-2.686306,43.265278,18/09/2025,09:16,L-D: 24H
GM OIL,AVENIDA DE LOS HUETOS 64,1010,Pa#s Vasco,ARABA/#LAVA,Vitoria-Gasteiz,VITORIA-GASTEIZ,-2.717833,42.857667,18/09/2025,16:55,L-D: 24H
HAM BILBAO,CALLE REFRADIGAS 1,48001,Pa#s Vasco,BIZKAIA,Bilbao,BILBAO,-3.07225,43.349972,16/09/2025,12:00,L-D: 24H
PETROPRIX,CALLE PORTAL DE GAMARRA 35,1013,Pa#s Vasco,ARABA/#LAVA,Vitoria-Gasteiz,VITORIA-GASTEIZ,-2.658583,42.872556,19/09/2025,18:28,L-D: 24H
EUSKADILOWCOST,POLIGONO P.P.I. MENDIETA POZUETA PARCELA5 POLIGONO II 5,48330,Pa#s Vasco,BIZKAIA,Lemoa,LEMOA,-2.785444,43.210917,17/09/2025,11:56,L-D: 24H
UREPEL,PASEO EGIBURUBERRI 6,20100,Pa#s Vasco,GIPUZKOA,Errenteria,ERRENTERIA,-1.899194,43.295417,15/09/2025,06:00,L-D: 24H
AUTO ESTACI#N DE SERVICIO BARAZAR S.A.,CARRETERA 240 KM 126 KM. 126,48144,Pa#s Vasco,BIZKAIA,Zeanuri,ALTZUAGA,-2.711528,43.064917,16/09/2025,11:16,L-V: 07:00-20:00  S-D: 08:00-18:00
GAMARRA LOW COST,CALLE PORTAL DE GAMARRA 37,1013,Pa#s Vasco,ARABA/#LAVA,Vitoria-Gasteiz,VITORIA-GASTEIZ,-2.658528,42.872639,16/09/2025,11:17,L-D: 24H
EUSKADILOWCOST,CALLE VENTA DE LA ESTRELLA 5,1006,Pa#s Vasco,ARABA/#LAVA,Vitoria-Gasteiz,VITORIA-GASTEIZ,-2.657611,42.837083,17/09/2025,11:57,L-D: 24H
EUSKADILOWCOST,CALLE URBI 4,48970,Pa#s Vasco,BIZKAIA,Basauri,BASAURI,-2.875722,43.23825,17/09/2025,11:57,L-D: 24H
URBI LOW COST,AVENIDA CERVANTES 51,48970,Pa#s Vasco,BIZKAIA,Basauri,ARIZGOITI,-2.879028,43.240944,18/09/2025,10:35,L-D: 24H
SHELL,POLIGONO INDUSTRIAL BARRIO ERGOYEN S/N,20130,Pa#s Vasco,GIPUZKOA,Urnieta,URNIETA,-1.999944,43.234944,19/09/2025,16:00,L-D: 24H
REPSOL,CALLE JOSE MARIA IPARRAGUIRRE 19,1006,Pa#s Vasco,ARABA/#LAVA,Vitoria-Gasteiz,VITORIA-GASTEIZ,-2.66,42.836667,19/09/2025,20:00,L-D: 07:00-23:00
REPSOL,CALLE KISKENE 1,48640,Pa#s Vasco,BIZKAIA,Berango,BERANGO,-2.996639,43.372528,19/09/2025,20:00,L-D: 07:00-22:00
EROSKI,POLIGONO SAGASTIKOETXE S/N,48630,Pa#s Vasco,BIZKAIA,Gorliz,URESARANTZE AUZOA,-2.9305,43.408083,19/09/2025,08:04,L-D: 24H
AVIA,CTRA. GERNIKA-AMOREBIETA km KM 15,48300,Pa#s Vasco,BIZKAIA,Gernika-Lumo,GERNIKA-LUMO,-2.686944,43.2965,15/09/2025,20:00,L-V: 06:00-22:00  S-D: 07:00-21:00
AVIA,VIAL MARTUTENE-INCHAURRONDO km 55,20012,Pa#s Vasco,GIPUZKOA,Donostia-San Sebasti#n,DONOSTIA-SAN SEBASTIAN,-1.949639,43.304556,18/09/2025,14:51,L-D: 24H
BP  SALBURUA,CALLE DEBA 1,1013,Pa#s Vasco,ARABA/#LAVA,Vitoria-Gasteiz,VITORIA-GASTEIZ,-2.656861,42.856194,19/09/2025,00:00,L-D: 24H
GALP,CARRETERA GI 2638 KM. 3300,20100,Pa#s Vasco,GIPUZKOA,Lezo,LEZO,-1.870861,43.327306,19/09/2025,19:00,L-D: 24H
GUGAS,POLIGONO P.I. JUNDIZ - C/ LERMANDABIDE 8,1015,Pa#s Vasco,ARABA/#LAVA,Vitoria-Gasteiz,VITORIA-GASTEIZ,-2.741917,42.845639,16/09/2025,01:07,L-D: 24H
"ARTEA OIL , S.A.",CRTA. N-240 BILBAO - VITORIA (N-240 km 26),48142,Pa#s Vasco,BIZKAIA,Artea,ELEJABEITIA,-2.781,43.134111,12/09/2025,12:14,L-D: 06:00-22:00
INSAUSTI,ARA#ABURU 3-B,20180,Pa#s Vasco,GIPUZKOA,Oiartzun,OIARTZUN,-1.861056,43.317056,18/09/2025,14:24,L-D: 24H
GASOLEOA,POLIGONO POLIGONO IBAI-ONDO 14,20271,Pa#s Vasco,GIPUZKOA,Irura,IRURA,-2.067083,43.165917,15/09/2025,10:07,L-S: 08:00-12:30 y 15:00-19:30
BALLENOIL,BARRIO BALPARDA 8,48980,Pa#s Vasco,BIZKAIA,Santurtzi,BALPARDA,-3.044889,43.318667,19/09/2025,19:45,L-D: 24H
MLC,CALLE LERUN TXIKI MORTERIKA 2,20870,Pa#s Vasco,GIPUZKOA,Elgoibar,ELGOIBAR,-2.406611,43.221333,19/09/2025,12:00,L-D: 24H
CEPSA,CALLE DUSSELDORF 1,1010,Pa#s Vasco,ARABA/#LAVA,Vitoria-Gasteiz,VITORIA-GASTEIZ,-2.709972,42.852417,16/09/2025,10:27,L-D: 06:00-23:00
EROSKI,CALLE SAN BARTOLOM# 7,20240,Pa#s Vasco,GIPUZKOA,Ordizia,ORDIZIA,-2.179528,43.051694,19/09/2025,08:04,L-D: 24H
EROSKI,BARRIO BAZTERRETXE AUZOA 2,20720,Pa#s Vasco,GIPUZKOA,Azkoitia,AZKOITIA,-2.303167,43.172361,19/09/2025,08:04,L-D: 24H
BIDEKO,POLIGONO PATAKON 7,48195,Pa#s Vasco,BIZKAIA,Larrabetzu,LARRABETZU,-2.811417,43.263361,19/09/2025,09:21,L: 24H
NAFTE,CALLE BERMEO BIDEA 17,48100,Pa#s Vasco,BIZKAIA,Mungia,MUNGIA,-2.835556,43.358944,16/09/2025,11:29,L-D: 24H
EASYGAS,CALLE LAUAXETA OLERKARI 54,48100,Pa#s Vasco,BIZKAIA,Mungia,ATXURI,-2.856222,43.358917,09/09/2025,08:15,L-D: 24H
VALCARCE,CALLE COMETE SAREA 5,20305,Pa#s Vasco,GIPUZKOA,Irun,BIDASOA,-1.752944,43.337167,18/09/2025,00:00,L-D: 00:00-23:59
VALCARCE,CALLE ANTXOTXIPI 4,20305,Pa#s Vasco,GIPUZKOA,Irun,IRUN,-1.763778,43.339417,18/09/2025,00:00,L-D: 24H
REPSOL,AUTOPISTA AP-8 KM. 22,20120,Pa#s Vasco,GIPUZKOA,Hernani,HERNANI,-1.982444,43.279778,19/09/2025,18:00,L-D: 24H
REPSOL,AUTOPISTA AP-8 KM. 22,20120,Pa#s Vasco,GIPUZKOA,Hernani,HERNANI,-1.98425,43.278472,19/09/2025,19:00,L-D: 24H
MENDIONDO S.COOP.,POLIGONO LEIZOTZ PARC F PAB B S/N,20140,Pa#s Vasco,GIPUZKOA,Andoain,ANDOAIN,-2.005278,43.226,05/09/2025,22:02,L-V: 07:00-19:00  S: 09:30-13:30
SHELL,POLIGONO IGELTZERA KALEA 2,48610,Pa#s Vasco,BIZKAIA,Urduliz,URDULIZ,-2.95975,43.380556,19/09/2025,14:00,L-D: 24H
COCEFOR,ZUAZOBIDEA 4,1015,Pa#s Vasco,ARABA/#LAVA,Vitoria-Gasteiz,VITORIA-GASTEIZ,-2.730639,42.846389,15/09/2025,10:03,L-D: 24H
GASOLINERA ZAMUDIO,CARRETERA N 637 KM. 44,48170,Pa#s Vasco,BIZKAIA,Zamudio,ZAMUDIO,-2.896722,43.293278,17/09/2025,02:16,L-D: 06:00-22:00
FUEL TRUCK,CAMINO DONOSTIA IBILBIDEA 60,20115,Pa#s Vasco,GIPUZKOA,Astigarraga,ASTIGARRAGA,-1.951278,43.282583,15/09/2025,08:58,L-V: 06:30-22:00  S-D: 09:00-21:00
LOW COST EUSKADI SL,AVENIDA DEL ZADORRA 144,1193,Pa#s Vasco,ARABA/#LAVA,Vitoria-Gasteiz,ABERASTURI,-2.670833,42.872389,17/09/2025,11:52,L-D: 24H
XPO TRANSPORT SOLUTIONS SPAIN SL,CALLE PERKATZENE 6,20180,Pa#s Vasco,GIPUZKOA,Oiartzun,ALTZIBAR Y KARRIKA,-1.853111,43.320944,19/09/2025,00:00,L: 24H
PORTUOIL,BARRIO REFRADIGAS 3,48508,Pa#s Vasco,BIZKAIA,Zierbena,EL PUERTO,-3.073861,43.350472,18/09/2025,00:05,L: 24H
ALKARTASUNA USURBILGO BASERRITARREN KOOPERATIBA,POLIGONO ATALLU 26,20170,Pa#s Vasco,GIPUZKOA,Usurbil,USURBIL,-2.047694,43.267778,15/09/2025,10:17,L-D: 24H
686 TLP,BARRIO SALCEDILLO S/N,48510,Pa#s Vasco,BIZKAIA,Valle de Tr#paga-Trapagaran,VALLE DE TRAPAGA,-3.037222,43.305,15/09/2025,14:59,L-V: 06:00-20:00
COOPERATIVA DE TRANSPORTES DEL PUERTO DE PASAJES,ZONA PORTUARIA LA HERRERA S/N,20110,Pa#s Vasco,GIPUZKOA,Pasaia,PASAI SAN PEDRO,-1.934528,43.321639,18/09/2025,00:00,L: 24H
SI,BARRIO ARRUTIEGIA 31,20809,Pa#s Vasco,GIPUZKOA,Aia,ARRUTIEGIA,-2.152194,43.237028,15/09/2025,08:46,L-S: 08:00-13:00 y 16:00-20:00
TRANSARABA,CALLE JUNDIZ 14,1015,Pa#s Vasco,ARABA/#LAVA,Vitoria-Gasteiz,VITORIA-GASTEIZ,-2.736361,42.83675,19/09/2025,19:51,L-V: 08:00-19:00
PETROPRIX,CALLE ZIZILION 3,20870,Pa#s Vasco,GIPUZKOA,Elgoibar,ELGOIBAR,-2.419139,43.210333,19/09/2025,18:28,L-D: 07:00-23:00
ZABALGARBI GNC,CAMINO ARTIGAS 10,48001,Pa#s Vasco,BIZKAIA,Bilbao,BILBAO,-2.969056,43.249361,08/09/2025,11:09,L: 24H
GUGAS,CARRETERA ALTO DE BARAZAR CN 240 KM. 28,48144,Pa#s Vasco,BIZKAIA,Zeanuri,ALTZUAGA,-2.711167,43.0655,16/09/2025,01:04,L-D: 24H
COSTCO,AVENIDA BABCOCK WILCOX  POLIGONO IBARZAHARRA 246,48910,Pa#s Vasco,BIZKAIA,Sestao,SESTAO,-3.004222,43.303444,19/09/2025,09:30,L-S: 07:00-22:30
BALLENOIL,CALLE ALTO DE ARMENTIA 23,1007,Pa#s Vasco,ARABA/#LAVA,Vitoria-Gasteiz,VITORIA-GASTEIZ,-2.701028,42.836472,19/09/2025,19:45,L-D: 24H
EUSKADILOWCOST,PASEO UBARBURU 6,20014,Pa#s Vasco,GIPUZKOA,Donostia-San Sebasti#n,DONOSTIA-SAN SEBASTIAN,-1.951361,43.302139,17/09/2025,11:58,L-D: 24H
ONA LOWCOST,CALLE AGIRRELANDA 12,1013,Pa#s Vasco,ARABA/#LAVA,Vitoria-Gasteiz,VITORIA-GASTEIZ,-2.675944,42.871806,16/09/2025,11:17,L-D: 24H
BALLENOIL,POLIGONO INDUSTRIAL MENDIETA-UZKOA PARCELA II FINCA 1,48330,Pa#s Vasco,BIZKAIA,Lemoa,LEMOA,-2.790222,43.210639,19/09/2025,19:45,L-D: 24H
TRANS.O.GUI.COOP.,POLIGONO I#AUSTI 4B CRTA NACIONAL I KM 416 0,20213,Pa#s Vasco,GIPUZKOA,Idiazabal,IDIAZABAL,-2.221806,43.027472,19/09/2025,12:58,L-D: 06:00-22:00
GASOGAS OLABERRIA,CARRETERA N-1 KM. 417,20212,Pa#s Vasco,GIPUZKOA,Olaberria,OLABERRIA,-2.216917,43.039,15/09/2025,11:00,L-D: 05:30-21:30
SHELL,CALLE PORTAL DE BERGARA 2,1013,Pa#s Vasco,ARABA/#LAVA,Vitoria-Gasteiz,VITORIA-GASTEIZ,-2.653139,42.864694,19/09/2025,14:00,L-D: 05:00-23:00
BALLENOIL,CALLE CAMPO DE LOS PALACIOS 12,1006,Pa#s Vasco,ARABA/#LAVA,Vitoria-Gasteiz,VITORIA-GASTEIZ,-2.666889,42.833611,19/09/2025,19:45,L-D: 24H
PETROPRIX,CALLE ARABA HIRIBIDEA 32,20500,Pa#s Vasco,GIPUZKOA,Arrasate/Mondrag#n,ARRASATE/MONDRAGON,-2.4935,43.058694,19/09/2025,18:28,L-V: 08:00-22:00  S: 10:00-20:00
PLENERGY,CALLE SANTALAITZ KALEA 3,20570,Pa#s Vasco,GIPUZKOA,Bergara,BASALGO,-2.423028,43.123417,19/09/2025,09:38,L-D: 24H
PLENERGY,AVENIDA ANTONIO ALZAGA ETORBIDEA 134,48980,Pa#s Vasco,BIZKAIA,Santurtzi,SANTURTZI,-3.045333,43.319389,18/09/2025,17:30,L-D: 24H
EPERMENDI,CARRETERA OLETA KM. 64,48280,Pa#s Vasco,BIZKAIA,Lekeitio,LEKEITIO,-2.503472,43.34525,19/09/2025,07:23,L-V: 06:00-22:00  S-D: 08:00-22:00
GAMIZ,CARRETERA BI-3102 KM. 18000,48100,Pa#s Vasco,BIZKAIA,Mungia,MUNGIA,-2.835083,43.336472,15/09/2025,10:29,L-V: 06:20-22:00  S-D: 7:10-22:00
EASYGAS,CARRETERA N-634 KM. 96700,48960,Pa#s Vasco,BIZKAIA,Galdakao,ERLECHES,-2.791056,43.23175,09/09/2025,09:02,L-D: 24H
BEROIL GASTEIZ,CALLE ZEARSOLOETA 1,1195,Pa#s Vasco,ARABA/#LAVA,Vitoria-Gasteiz,VITORIA-GASTEIZ,-2.752139,42.847528,15/09/2025,14:42,L-D: 00:00-23:59
PETROPRIX,POLIGONO GOITONDO-BEKOA 22,48269,Pa#s Vasco,BIZKAIA,Mallabia,MALLABIA,-2.531361,43.200472,19/09/2025,18:28,L-D: 07:00-22:00
COALTRANS  SDAD COOP,CALLE ZUAZOBIDEA 24,1010,Pa#s Vasco,ARABA/#LAVA,Vitoria-Gasteiz,VITORIA-GASTEIZ,-2.725944,42.838139,12/09/2025,18:40,L-D: 24H
"TRANSPORTES ZUMALABE, S.L.",CALLE ANTXOTXIPI N# 13 - ZAISA III 13,20305,Pa#s Vasco,GIPUZKOA,Irun,BIDASOA,-1.7645,43.337861,15/09/2025,13:16,L-D: 08:00-22:00
"NEUMATICOS Y SERVICIOS BEHOBIA, S.A.",CALLE EUROPA N# 18 18,20305,Pa#s Vasco,GIPUZKOA,Irun,BIDASOA,-1.756528,43.340861,15/09/2025,13:20,L-D: 08:00-22:00
NORPETROL,CALLE MASPARRA 26,1195,Pa#s Vasco,ARABA/#LAVA,Vitoria-Gasteiz,VITORIA-GASTEIZ,-2.75375,42.845722,15/09/2025,12:53,L-D: 24H
MOLGAS,POLIGONO OKITURRI 3,1207,Pa#s Vasco,ARABA/#LAVA,Salvatierra/Agurain,ALANGUA,-2.324139,42.863583,18/09/2025,18:00,L-D: 00:00-23:59
ONAINDIA,CALLE PORTAL DE ARRIAGA 66,1013,Pa#s Vasco,ARABA/#LAVA,Vitoria-Gasteiz,VITORIA-GASTEIZ,-2.678833,42.868611,16/09/2025,11:18,L-D: 06:00-23:00
ELIZATXO-REPSOL,AVENIDA ELIZATXO 8,20303,Pa#s Vasco,GIPUZKOA,Irun,IRUN,-1.796417,43.336611,19/09/2025,09:29,L: 06:00-23:59
LOW COST EUSKADI - URRETXU,CALLE IPE#ARRIETA 54,20700,Pa#s Vasco,GIPUZKOA,Urretxu,URRETXU,-2.319194,43.08975,17/09/2025,11:58,L: 24H
ESTACIONES GB,POLIGONO ZANKUETA 0,1468,Pa#s Vasco,ARABA/#LAVA,Amurrio,LARRINBE,-2.989111,43.044333,15/09/2025,11:06,L-D: 24H
ALCAMPO,CALLE ASTIGARRAKO 4,20180,Pa#s Vasco,GIPUZKOA,Oiartzun,OIARTZUN,-1.883028,43.302722,15/09/2025,17:22,L-S: 06:00-23:00  D: 08:00-22:00
CEPSA,CRTRA.N-634 km 29700,20750,Pa#s Vasco,GIPUZKOA,Zumaia,ZUMAIA,-2.264111,43.284889,19/09/2025,18:00,L-D: 06:00-22:00
CEPSA,CRTRA.N-634 km 29.700,20750,Pa#s Vasco,GIPUZKOA,Zumaia,ZUMAIA,-2.265583,43.284583,19/09/2025,18:00,L-V: 08:00-20:00
BALLENOIL,CALLE MASKURIBAI KALEA 14,1470,Pa#s Vasco,ARABA/#LAVA,Amurrio,AMURRIO,-3.000889,43.044944,19/09/2025,10:44,L-D: 24H
GUGAS,POLIGONO LANDETA 33,20730,Pa#s Vasco,GIPUZKOA,Azpeitia,AZPEITIA,-2.252194,43.175861,16/09/2025,01:05,L-D: 24H
ZABALETA,CALLE COMETE SAREA (ZAISA II) 7,20305,Pa#s Vasco,GIPUZKOA,Irun,IRUN,-1.75275,43.3365,18/09/2025,12:50,L-V: 24H  S: 06:00-22:00  D: 14:30-00:00
BIDEKO ATERPE,POLIGONO SAN JOSE DE LOS LLANOS 13,1230,Pa#s Vasco,ARABA/#LAVA,Iru#a Oka/Iru#a de Oca,NANCLARES DE LA OCA,-2.809417,42.811972,19/09/2025,09:21,L-D: 24H
BIDEKO ATERPE,CALLE MUGARRIEGI 2,20180,Pa#s Vasco,GIPUZKOA,Oiartzun,ARRAGUA,-1.864778,43.319667,19/09/2025,11:14,L-D: 24H
ANDAMUR,POLIGONO PG OKITURRI PARCELA A2 38,1207,Pa#s Vasco,ARABA/#LAVA,San Mill#n/Donemiliaga,DURRUMA/SAN ROMAN DE SAN,-2.32275,42.863722,19/09/2025,00:00,L: 24H
CEPSA,CALLE TELLERIA - POLIGONO INDUSTRIAL LABEGARAIETA PARCELA P4 B 16,20570,Pa#s Vasco,GIPUZKOA,Bergara,BERGARA,-2.420611,43.105083,19/09/2025,18:00,L-D: 06:00-22:00
MOLGAS ENERGIA SAU,POLIGONO POL#GONO INDUSTRIAL APARKABISA BARRIO EL JUNCAL S/N. S/N,48510,Pa#s Vasco,BIZKAIA,Valle de Tr#paga-Trapagaran,TRAPAGARAN,-3.012528,43.295917,18/09/2025,17:21,L-D: 24H
ASUA CARBURANTES ,CALLE ASUA ERREKA 11,20600,Pa#s Vasco,GIPUZKOA,Eibar,EIBAR,-2.463056,43.189028,19/09/2025,15:58,L-D: 24H
PETROPRIX,POLIGONO BENTA ALDEA 4,20270,Pa#s Vasco,GIPUZKOA,Anoeta,ANOETA,-2.069111,43.155306,19/09/2025,18:28,L-D: 24H
SACYTRANS,ANTXOTXIPI N# 17 - ZAISA III,20305,Pa#s Vasco,GIPUZKOA,Irun,IRUN,-1.766167,43.3375,15/09/2025,09:23,L-D: 24H
MLC,CALLE BO. ERGOYEN 21,20130,Pa#s Vasco,GIPUZKOA,Urnieta,URNIETA,-1.998806,43.235528,15/09/2025,00:01,L: 24H
LOW COST EUSKADI,POLIGONO USILA CALLE 1 007,48490,Pa#s Vasco,BIZKAIA,Ugao-Miraballes,BASAKOETXE,-2.901361,43.182833,17/09/2025,12:19,L-D: 10:00-22:00
BQ ENERGIES,POLIGONO IBAIONDO 17,20271,Pa#s Vasco,GIPUZKOA,Irura,IRURA,-2.058306,43.175361,16/09/2025,10:01,L: 24H
PETROPRIX,CALLE ANTXITURRI 1,20570,Pa#s Vasco,GIPUZKOA,Bergara,BERGARA,-2.4225,43.126389,19/09/2025,18:28,L-D: 07:00-22:00
EUSKADI LOW COST,CALLE BO SORAVILLA 998,20140,Pa#s Vasco,GIPUZKOA,Andoain,ANDOAIN,-2.021194,43.218639,17/09/2025,12:19,L-D: 24H
NAFTE,CALLE RETUERTO 42,48903,Pa#s Vasco,BIZKAIA,Barakaldo,SAN VICENTE DE BARAKALDO,-3.00275,43.286667,16/09/2025,11:29,L-D: 24H
AVIA,CARRETERA NACIONAL N-1 (IRUN-MADRID) KM. 417,20212,Pa#s Vasco,GIPUZKOA,Olaberria,OLABERRIA,-2.216667,43.038889,17/09/2025,07:41,L-D: 24H
AVIA,POLIGONO SANSINENEA ERREKA 14,20749,Pa#s Vasco,GIPUZKOA,Zestoa,ARROA-BEKOA,-2.274028,43.273556,15/09/2025,11:11,L-V: 08:30-20:00  S: 09:00-14:00
